it18,80,u,ipu_40
it18,82,O,ipu_41
it18,84,a,ipu_42
it18,86,o,ipu_43
it18,88,o,ipu_44
it18,90,e,ipu_45
it18,92,i,ipu_46
it18,94,a,ipu_47
it18,96,i,ipu_48
it18,98,i,ipu_49
it18,100,a,ipu_50
it18,102,u,ipu_51
it18,104,e,ipu_52
it18,106,e,ipu_53
it18,108,a,ipu_54
it18,110,e,ipu_55
it18,112,i,ipu_56
it18,114,o,ipu_57
it18,116,i,ipu_58
it18,118,i,ipu_59
it18,120,a,ipu_60
it18,122,o,ipu_61
it18,124,a,ipu_62
it18,126,e,ipu_63
it18,128,u,ipu_64
it18,130,o,ipu_65
it18,132,o,ipu_66
it18,134,e,ipu_67
it18,136,a,ipu_68
it18,138,O,ipu_69
it18,140,e,ipu_70
it18,142,o,ipu_71
it18,144,o,ipu_72
it18,146,a,ipu_73
it18,148,i,ipu_74
it18,150,e,ipu_75
it18,152,e,ipu_76
it18,154,i,ipu_77
it18,156,a,ipu_78
it18,158,O,ipu_79
it18,160,a,ipu_80
it18,162,i,ipu_81
it18,164,i,ipu_82
it18,166,i,ipu_83
it18,168,o,ipu_84
it18,170,u,ipu_85
it18,172,u,ipu_86
it18,174,o,ipu_87
it18,176,a,ipu_88
it18,178,i,ipu_89
it18,180,i,ipu_90
it18,182,u,ipu_91
it18,184,a,ipu_92
it18,186,i,ipu_93
it18,188,O,ipu_94
it18,190,e,ipu_95
it18,192,a,ipu_96
it18,194,O,ipu_97
it18,196,a,ipu_98
it18,198,u,ipu_99
it18,200,e,ipu_100
it18,202,i,ipu_101
it18,204,O,ipu_102
it18,206,o,ipu_103
it18,208,o,ipu_104
it18,210,a,ipu_105
it18,212,i,ipu_106
it18,214,o,ipu_107
it18,216,e,ipu_108
it18,218,e,ipu_109
it18,220,o,ipu_110
it18,222,u,ipu_111
it18,224,u,ipu_112
it18,226,u,ipu_113
it18,228,i,ipu_114
it18,230,u,ipu_115
it18,232,i,ipu_116
it18,234,O,ipu_117
it18,236,e,ipu_118
it18,238,i,ipu_119
it18,240,a,ipu_120
it18,242,a,ipu_121
it18,244,a,ipu_122
it18,246,i,ipu_123
it18,248,o,ipu_124
it18,250,u,ipu_125
it18,252,e,ipu_126
it18,254,i,ipu_127
it18,256,a,ipu_128
it18,258,e,ipu_129
it18,260,a,ipu_130
it18,262,e,ipu_131
it18,264,u,ipu_132
it18,266,i,ipu_133
it18,268,e,ipu_134
it18,270,e,ipu_135
it18,272,e,ipu_136
it18,274,u,ipu_137
it18,276,i,ipu_138
it18,278,u,ipu_139
it18,280,u,ipu_140
it18,282,e,ipu_141
it18,284,u,ipu_142
it18,286,u,ipu_143
it18,288,u,ipu_144
it18,290,O,ipu_145
it18,292,a,ipu_146
it18,294,a,ipu_147
it18,296,u,ipu_148
it18,298,o,ipu_149
it18,300,o,ipu_150
it18,302,a,ipu_151
it18,304,O,ipu_152
it18,306,u,ipu_153
it18,308,u,ipu_154
it18,310,i,ipu_155
it18,312,e,ipu_156
it18,314,i,ipu_157
it18,316,e,ipu_158
it18,318,i,ipu_159
it18,320,e,ipu_160
it18,322,u,ipu_161
it18,324,i,ipu_162
it18,326,i,ipu_163
it18,328,a,ipu_164
it18,330,u,ipu_165
it18,332,i,ipu_166
it18,334,i,ipu_167
it18,336,u,ipu_168
it18,338,u,ipu_169
it18,340,O,ipu_170
it18,342,i,ipu_171
it18,344,u,ipu_172
it19,2,i,ipu_1
it19,4,u,ipu_2
it19,6,o,ipu_3
it19,8,u,ipu_4
it19,10,i,ipu_5
it19,12,o,ipu_6
it19,14,e,ipu_7
it19,16,i,ipu_8
it19,18,e,ipu_9
it19,20,e,ipu_10
it19,22,e,ipu_11
it19,24,i,ipu_12
it19,26,i,ipu_13
it19,28,u,ipu_14
it19,30,e,ipu_15
it19,32,e,ipu_16
it19,34,u,ipu_17
it19,36,i,ipu_18
it19,38,a,ipu_19
it19,40,e,ipu_20
it19,42,a,ipu_21
it19,44,u,ipu_22
it19,46,e,ipu_23
it19,48,u,ipu_24
it19,50,e,ipu_25
it19,52,e,ipu_26
it19,54,e,ipu_27
it19,56,i,ipu_28
it19,58,u,ipu_29
it19,60,o,ipu_30
it19,62,a,ipu_31
it19,64,a,ipu_32
it19,66,a,ipu_33
it19,68,a,ipu_34
it19,70,a,ipu_35
it19,72,u,ipu_36
it19,74,o,ipu_37
it19,76,i,ipu_38
it19,78,a,ipu_39
it19,80,u,ipu_40
it19,82,e,ipu_41
it19,84,O,ipu_42
it19,86,a,ipu_43
it19,88,e,ipu_44
it19,90,o,ipu_45
it19,92,u,ipu_46
it19,94,a,ipu_47
it19,96,a,ipu_48
it19,98,o,ipu_49
it19,100,e,ipu_50
it19,102,e,ipu_51
it19,104,u,ipu_52
it19,106,u,ipu_53
it19,108,u,ipu_54
it19,110,e,ipu_55
it19,112,a,ipu_56
it19,114,a,ipu_57
it19,116,o,ipu_58
it19,118,a,ipu_59
it19,120,o,ipu_60
it19,122,a,ipu_61
it19,124,a,ipu_62
it19,126,u,ipu_63
it19,128,i,ipu_64
it19,130,O,ipu_65
it19,132,i,ipu_66
it19,134,i,ipu_67
it19,136,o,ipu_68
it19,138,a,ipu_69
it19,140,u,ipu_70
it19,142,i,ipu_71
it19,144,u,ipu_72
it19,146,i,ipu_73
it19,148,o,ipu_74
it19,150,a,ipu_75
it19,152,i,ipu_76
it19,154,o,ipu_77
it19,156,i,ipu_78
it19,158,a,ipu_79
it19,160,u,ipu_80
it19,162,o,ipu_81
it19,164,O,ipu_82
it19,166,o,ipu_83
it19,168,O,ipu_84
it19,170,u,ipu_85
it19,172,i,ipu_86
it19,174,i,ipu_87
it19,176,u,ipu_88
it19,178,e,ipu_89
it19,180,O,ipu_90
it19,182,i,ipu_91
it19,184,O,ipu_92
it19,186,o,ipu_93
it19,188,u,ipu_94
it19,190,e,ipu_95
it19,192,i,ipu_96
it19,194,i,ipu_97
it19,196,u,ipu_98
it19,198,a,ipu_99
it19,200,a,ipu_100
it19,202,i,ipu_101
it19,204,o,ipu_102
it19,206,e,ipu_103
it19,208,u,ipu_104
it19,210,e,ipu_106
it19,212,u,ipu_107
it19,214,u,ipu_108
it19,216,i,ipu_109
it19,218,e,ipu_110
it19,220,i,ipu_111
it19,222,O,ipu_112
it19,224,o,ipu_113
it19,226,i,ipu_114
it19,228,u,ipu_115
it19,230,o,ipu_116
it19,232,i,ipu_117
it19,234,i,ipu_118