speaker,ipu,stimulus,sentence_ons,sentence_off,word_ons,word_off,v1_ons,c2_ons,v2_ons,voice_ons,voice_off,c1_rel,c2_rel
it12,ipu_29,Sentivo 'toco' di nuovo,109.28370554789934,110.42521288874796,109.73395099505406,109.964943,109.80115180806223,109.85491245846876,109.91875323082652,109.79750127253598,109.87029008468559,--undefined--,--undefined--
it12,ipu_30,Scrivete 'cuto' sul foglio,111.68700158495996,113.244943,112.19268770284641,112.48669125975715,112.29516894268387,112.35564967439122,112.43125058902541,112.2892435160924,112.37254121341364,112.26931263482908,112.4068491280343
it12,ipu_31,Scrivete 'tico' sul foglio,114.26677778137592,115.77824890626376,114.77078387893717,115.05302729357147,114.844943,114.9035054846283,114.99758662283973,114.84130872595038,114.93235888223023,114.82732144336576,114.94294289195214
it12,ipu_32,Ha detto 'coco' sei volte,116.96989097635809,118.40022887288649,117.40333622026077,117.689932,117.47053703326893,117.54949798855353,117.63517902513894,117.45618977909007,117.58428575016346,117.45334257946782,--undefined--
it12,ipu_33,Ha detto 'tupo' sei volte,119.51122996737088,120.92791673583362,119.93795512997274,120.21683850395664,120.01523606493213,120.07235675598908,120.1613978332249,120.00998734049601,120.11168829145457,119.99401880070924,--undefined--
it12,ipu_34,Ha detto 'cheto' sei volte,122.16324703777074,123.56992400610373,122.56813193614495,122.854943,122.65717301338077,122.72773386703935,122.80837484264914,122.65079367749485,122.75458108126324,122.62762007686926,--undefined--
it12,ipu_35,Ripete 'chepo' da sempre,127.4955525334259,128.81459486095,127.91387759440174,128.19108094806043,128.00291867163756,128.064966,128.12892019602788,127.99506630389779,128.08189855697523,127.9733534342364,128.1036583163294
it12,ipu_36,Ha detto 'cupo' sei volte,130.02345136183703,131.37714121979826,130.40649599598356,130.694943,130.4955370732194,130.55265776427635,130.64337886183736,130.49475380105727,130.57755606110013,130.48253388329974,130.61365802022902
it12,ipu_37,Ha detto 'pupo' sei volte,132.52412595932526,133.91952733474378,132.94245102030112,133.22399892010924,133.02981207721172,133.0970128902199,133.16589372355327,133.02938765584406,133.12179302181352,133.0062520882686,133.14842768990403
it12,ipu_38,Scrivete 'tupo' sul foglio,134.9658514984014,136.41929545194182,135.43121712848296,135.734921,135.5252982666944,135.58241895775134,135.65969989271073,135.52357520544953,135.61217703811343,135.50532306455577,135.641039801073
it12,ipu_39,Scrivete 'tuco' sul foglio,137.55395747462168,138.95986090291956,138.024943,138.294943,138.10668416161386,138.15876479169518,138.244943,138.10705153768976,138.16890551509314,138.08823256417358,138.21678762876985
it12,ipu_40,Scrivete 'peco' sul foglio,139.9887519669329,141.42924030723412,140.45075755636407,140.724943,140.52467845067306,140.5834791620552,140.674943,140.51901255976787,140.60079740957838,--undefined--,140.65212370622652
it12,ipu_41,Ripete 'pipo' da sempre,142.4780806496861,143.8060856534074,142.86280530415786,143.1534488204182,142.93336615781644,142.99888695049938,143.08624800741,142.92836313526615,143.02185134956096,--undefined--,--undefined--
it12,ipu_42,Scrivete 'papo' sul foglio,144.8445568832352,146.26831534210575,145.2796821474631,145.56528560274782,145.354943,145.4342440173819,145.5115249523413,145.34810896742653,145.4511923224142,145.34030530605926,--undefined--
it12,ipu_43,Ripete 'teto' da sempre,149.00118435357967,150.31077945554495,149.439955,149.70175282918981,149.51359055276694,149.5740712844743,149.64127209748247,149.51222533917348,149.58909119588466,149.50263070989928,--undefined--
it12,ipu_44,Scrivete 'pico' sul foglio,151.39329052632215,152.79106743689204,151.81161558729798,152.089932,151.889932,151.9443371929891,152.029932,--undefined--,--undefined--,151.86739326240868,151.99843279413884
it12,ipu_45,Ha detto 'tito' sei volte,153.7840528810714,155.17420323005018,154.19061779977082,154.4745412347303,154.266218714405,154.32669944611234,154.41238048269776,154.26103146871978,154.3457209955521,154.24790387938435,154.389289352636
it12,ipu_46,Ripete 'tapo' da sempre,156.21913636405574,157.61523325430042,156.65762166893404,156.94322512421874,156.729955,156.80882349820243,156.89786457543823,156.7257814335737,156.8240577927329,156.71305387371228,--undefined--
it12,ipu_47,Scrivete 'tipo' sul foglio,158.60233477564807,160.0673982278225,159.06770040572962,159.344966,159.144966,159.19874199109555,159.28274300735575,159.14398142444364,159.2196850389924,159.12824344900855,159.259954668633
it12,ipu_48,Sentivo 'tepo' di nuovo,163.50742285595229,164.60973485813778,163.90894771367607,164.15612937033265,163.974921,164.024921,164.11076882155214,163.97071159412928,164.05461134021772,163.95432183233422,--undefined--
it12,ipu_49,Scrivete 'poco' sul foglio,165.89462190797443,167.32818690489796,166.324921,166.62984561740902,166.41038814781209,166.47758896082027,166.574921,166.40367934948912,166.4980546318887,--undefined--,--undefined--
it12,ipu_50,Ha detto 'chico' sei volte,168.50302877174005,169.87638662085425,168.899932,169.179932,168.98855464572407,169.05071539775662,169.12967635304122,168.97199080577278,169.07305169583717,--undefined--,--undefined--
it12,ipu_51,Ripete 'cupo' da sempre,170.85438482236216,172.21640446012816,171.27606992398842,171.56503341992354,171.38023118415106,171.42895177358199,171.5079127288666,171.37907640925582,171.44581510558766,171.35350467026365,171.5032101860617
it12,ipu_52,Scrivete 'tato' sul foglio,173.34777676397914,174.799955,173.80306227210949,174.109932,173.869932,173.95426410137787,174.039932,173.86768905532975,173.96840516626503,173.85603626712916,174.01762607023585
it12,ipu_53,Scrivete 'coto' sul foglio,175.79517526042383,177.22410672052516,176.22190042302572,176.539955,176.31598156123715,176.40166259782256,176.479955,176.31207985432638,176.41438509351494,176.29031211535755,176.45807141722253
it12,ipu_54,Sentivo 'pito' di nuovo,--undefined--,--undefined--,--undefined--,--undefined--,--undefined--,--undefined--,--undefined--,--undefined--,--undefined--,--undefined--,--undefined--
it12,ipu_55,Ripete 'tupo' da sempre,183.68225990969344,184.9610443678467,184.04514429993753,184.31394755197022,184.13250535684816,184.16946580400264,184.25010677961245,184.1309104387485,184.19349563933838,184.11450581869312,184.22641597029093
it12,ipu_56,Ripete 'pepo' da sempre,185.934943,187.29133369427612,186.32524398207488,186.614943,186.39748485605864,186.47980585199366,186.55372674630263,186.3949229297205,186.48431494858391,--undefined--,--undefined--
it12,ipu_57,Ha detto 'chepo' sei volte,188.33835337276014,189.68104892509263,188.73483816950832,189.01204152316703,188.819955,188.879955,188.969955,188.81680448127074,188.8886030905318,188.79173894235055,--undefined--
it12,ipu_58,Ripete 'chico' da sempre,190.55488586643784,191.8869464256356,190.96145078513726,191.239955,191.0656120452999,191.11265261440562,191.20169369164145,191.06229136530638,191.12114563758618,191.0139285409823,191.15967776340838